User ID,User Message,Bot Response,Timestamp

session-3krp5ryxc,Please give me 5 ideas for a passion project,"It's amazing you're thinking about a passion project! It's a great way to explore your interests and learn new things. Here are 5 ideas for you, tailored to FGLI students, that you can adapt to your own passions:

1. **Community Skill Share:** Do you have a skill that you're good at, like baking, coding, or playing a musical instrument? You could host a workshop or class in your community for free or at a low cost, sharing your knowledge with others. This can be a great way to build your confidence and give back to your community.
2. **Local History Project:**  Every community has a unique story. Research and document the history of your neighborhood or a specific place within it. You could create a website, a blog, or even a small exhibit showcasing local stories and events. 
3. **Budget-Friendly DIY Project:**  Passion projects don't need to be expensive! Choose something you're passionate about - like gardening, art, or upcycling - and find affordable ways to create and share. You could create a video series, a blog post, or even a community art project.
4. **Financial Literacy Workshop:**  Many FGLI students struggle with understanding money management. Use your own experiences and research to create a workshop for your peers, teaching them about budgeting, saving, and investing. 
5. **Social Media Advocacy Project:** Are you passionate about a social issue like environmental justice, education reform, or mental health? Use your social media platform to spread awareness, start a dialogue, and advocate for change.

**Remember:** These are just starting points. Feel free to modify them to fit your specific interests and resources.  Don't be afraid to get creative and have fun!

**Let me know:**  Which idea resonates with you the most? I'm ready to help you brainstorm, plan, and execute your project. Let's make it happen!  
",2024-07-31T02:55:28.416Z
session-3krp5ryxc,#5 looks good!,"That's great! You're ready to tackle a passion project about social advocacy through social media.  Let's dive in! 

First, I want to make sure we're on the same page. What specific social issue are you most passionate about?  

Once you tell me, we can brainstorm how to:

1. **Identify your target audience:**  Who are you trying to reach with your message? 
2. **Develop a compelling message:**  What key points do you want to share? What tone and style will be most effective? 
3. **Choose the right social media platform:**  Which platform best suits your message and audience?
4. **Create engaging content:**  What types of posts (videos, photos, text, etc.) will grab attention?
5. **Promote your project:**  How can you reach more people?

I'm excited to help you make a difference!  Tell me more about your chosen social issue and we'll get started. 
",2024-07-31T02:56:47.469Z
session-jimgcgo5x,Please give me 5 ideas for a passion project,"Hi there! It's awesome that you're looking to turn your passions into projects! Let's brainstorm some ideas tailored to your interests and resources:

**1. Educational Advocacy:**  If you're passionate about making education more accessible, consider:

* **Creating a tutoring program:** Offer your skills to younger students in your community or online. You could specialize in a specific subject or focus on helping struggling learners.
* **Starting a mentorship program:** Connect with other FGLI students and offer support and guidance based on your own experiences navigating education.

**2. Creative Expression:**  Let your creativity shine!  Here are a couple of project ideas:

* **Building a digital portfolio:** Showcase your artistic skills, writing, or design work online. You could create a website, blog, or social media account to share your passions.
* **Hosting a community event:** Organize a poetry slam, art show, or musical performance to bring your local community together and share your talent. 

**3.  Tech & Innovation:**  Do you love technology or have an interest in problem-solving?

* **Developing a mobile app:** Identify a need in your community and create a mobile app to address it. There are many free resources available for app development.
* **Building a website:**  Start a website about your interests, a cause you care about, or even share your skills and expertise by creating tutorials. 

**4.  Community Engagement:**  Make a difference in your local area!

* **Organizing a fundraiser:**  Choose a cause you're passionate about and organize a fundraiser to support it.  This could be anything from a bake sale to a car wash. 
* **Volunteering:**  Dedicate your time to a cause you believe in. This could be anything from helping at a local food bank to assisting with environmental cleanup.

**5.  Personal Growth & Development:**  Focus on your own journey and learning!

* **Learning a new skill:**  Take an online course or join a workshop to learn a skill that interests you. This could be anything from coding to photography to cooking.
* **Starting a blog or journal:** Document your experiences, thoughts, and reflections on your personal journey. This can be a powerful way to grow and share your perspective with others. 

Remember, these are just starting points.  Think about what truly excites you and what you have the resources to achieve.  Don't be afraid to get creative and experiment! 

Let's dive deeper! Tell me more about what interests you, and I can help you refine your ideas and plan your passion project! 
",2024-08-01T23:17:48.732Z
session-m0ngxadzx,Please give me 5 ideas for a passion project,"Hi there! I'm here to help you brainstorm some exciting passion projects. It's awesome you're looking to pursue something you're passionate about!  

Here are 5 ideas to get your creative juices flowing: 

1. **Share your story:**  Have you overcome challenges or learned valuable lessons that could inspire others?  Turn your experiences into a blog, podcast, or even a short film. 
    * **Action Steps:** 
        * **Brainstorm:** What's a key experience you could share?  
        * **Choose a format:**  Blog, podcast, short film? 
        * **Start small:** Write one blog post, record a short podcast episode, or film a 30-second video. 
2. **Help your community:**  Do you have a skill or interest you can use to benefit your community?  
    * **Action Steps:** 
        * **Identify a need:**  What issues are important in your community? 
        * **Think about your skills:**  What can you offer to address that need? 
        * **Reach out:** Connect with local organizations or groups to see how you can contribute. 
3. **Create something beautiful:**  Are you artistic, musically inclined, or passionate about design? 
    * **Action Steps:** 
        * **Explore your medium:** Painting, music, graphic design, photography, etc. 
        * **Set a goal:** A small art exhibit, a music performance, or a design project for a local business. 
        * **Start creating:** Even if you feel like a beginner, just begin creating! 
4. **Learn a new skill:**  Is there something you've always wanted to learn but haven't had the opportunity? 
    * **Action Steps:** 
        * **Choose your skill:**  Coding, public speaking, a musical instrument, etc. 
        * **Find resources:** Online courses, local classes, or mentors. 
        * **Set small, achievable goals:**  Start with the basics and build from there. 
5. **Research a topic you're curious about:**  Do you have a question that you'd like to explore in depth?  
    * **Action Steps:** 
        * **Choose a topic:**  Something you're genuinely interested in learning more about. 
        * **Plan your research:**  Books, articles, interviews, etc. 
        * **Share your findings:** Write a report, create a presentation, or even a short documentary. 

Remember, the most important thing is to choose a project that excites you and aligns with your interests.  I'm here to help you with every step of the way â€“  from brainstorming to execution!  Let me know which of these ideas sparks your interest, or if you have other ideas you want to explore.",2024-08-02T20:19:25.333Z
session-t9j9hktp3,Help me come up with some passion project ideas.,"That's fantastic!  I'm so excited to help you brainstorm some passion project ideas.  To get started, let's explore your interests!  Tell me about things you're passionate about, things you enjoy doing, or any skills you have.  It can be anything - from writing to photography, coding to baking, or even social justice advocacy! 

Here are some questions to get us started: 

* **What are your favorite hobbies or activities?** 
* **What are you curious about?**
* **What issues or problems in the world do you care about?**
* **What are you good at? What skills do you have?**
* **What are your dream goals?** 

Once you tell me a little about what excites you, we can start brainstorming some awesome projects! ðŸ˜Š 
",2024-08-02T20:20:10.544Z
session-jgbqv4s32,Please give me 5 ideas for a passion project,"It's fantastic you're thinking about passion projects!  To give you the best ideas, I need to know a little more about you.  Tell me about your interests:

* **What are you passionate about?** (e.g., writing, music, art, technology, social justice, etc.)
* **What are your skills?** (e.g., drawing, coding, public speaking, organizing, research, etc.)
* **What are your goals for this project?** (e.g., learn a new skill, make a difference in your community, build a portfolio, etc.)

Once I have this information, I can provide you with 5 personalized ideas that will truly ignite your passion and help you turn them into reality. 

Can't wait to hear your ideas! âœ¨ 
",2024-08-02T20:28:36.857Z
session-cswovx6vj,Please give me 5 ideas for a passion project,"I'd love to help you brainstorm some passion project ideas! Here are 5 ideas to get you started, tailored to FGLI students:

1. **Community Service Project:**  Use your skills and passions to make a difference in your community. This could be:
    * **Tutoring younger students:** If you excel in a subject, you can help others learn and succeed.
    * **Organizing a food drive:** Partner with a local food bank to help families in need.
    * **Cleaning up a local park:** Contribute to a cleaner and greener environment.

2. **Creative Expression:** Explore your artistic side and share your talent:
    * **Start a blog or podcast:** Share your thoughts, stories, or advice on a topic you're passionate about.
    * **Create a short film or video series:** Use free filmmaking software and your smartphone to tell a story.
    * **Write and publish a short story or poem:** Share your creative writing with the world through online platforms.

3. **Entrepreneurial Venture:**  Test your business skills and learn valuable lessons:
    * **Create and sell handmade crafts:** Use your skills to make jewelry, candles, or other items to sell online or at local markets.
    * **Start a small service business:** Offer services like tutoring, pet sitting, or yard work to earn extra income.
    * **Develop an app or website:** Explore coding skills to create a useful tool or platform.

4. **Personal Development Project:** Invest in yourself and gain valuable knowledge:
    * **Learn a new language:** Use free online resources like Duolingo or Memrise to expand your skills.
    * **Start a fitness journey:** Improve your physical and mental well-being with free workouts or online fitness programs.
    * **Develop your financial literacy:** Learn about budgeting, saving, and investing through online courses or workshops.

5. **Research and Advocacy Project:**  Dive into an issue you care about and raise awareness:
    * **Create a presentation or infographic on a social justice issue:** Research and share your findings to educate others.
    * **Write a letter to your local representatives about a policy you support:** Advocate for change on a topic that matters to you.
    * **Start a petition or social media campaign to raise awareness about a cause:** Use your voice to make a difference.

Remember, the best passion project is one that excites you and aligns with your skills and interests. Don't be afraid to explore and experiment!

**Next steps:**

1. **Choose your project:** Which idea resonates most with you?
2. **Set goals:** What do you want to achieve with this project?
3. **Develop a plan:** Break down the project into manageable steps.
4. **Identify resources:** What materials, skills, or support do you need?
5. **Start small and iterate:** Don't be afraid to experiment and adjust as you go.

I'm here to help you through each step of the way. Tell me more about your interests and what you're passionate about, and we can brainstorm further together! 
",2024-08-02T20:32:02.054Z
session-fsoq4hlgq,Please give me 5 ideas for a passion project,"It's awesome you're looking to start a passion project! Here are 5 ideas that can be tailored to your interests and resources:

1. **Create a Community Resource Guide:** Are there resources or services in your community that FGLI students aren't aware of? Create a comprehensive guide with information on financial aid, scholarships, tutoring services, food banks, etc. You could share it online, print it out, and distribute it to your peers. 
2. **Share Your Story:** Have you overcome challenges or learned valuable lessons as an FGLI student? Create a blog, vlog, or podcast where you share your experiences and offer advice to others facing similar situations. 
3. **Organize a Fundraiser:** Does a local charity or organization resonate with you?  Organize a fundraiser like a bake sale, car wash, or online campaign to raise funds for their cause. This combines your passion with a chance to give back to the community. 
4. **Host a Workshop or Skillshare:**  Are you skilled in something like writing, art, coding, or public speaking? Host a workshop or skillshare for your peers. You can offer free or low-cost sessions to help them develop new skills.
5. **Start a Local Business:**  Do you have a creative business idea? Start a small business selling crafts, baked goods, or offering services like tutoring or social media management. You can use your skills and resources to build something from the ground up. 

Remember, these are just starting points.  Let's talk about your interests and resources to brainstorm some more specific and exciting ideas! 

What are some things you're passionate about? What skills and resources do you have access to?  We can work together to turn your passion into a tangible project! 
",2024-08-02T20:37:22.423Z
session-32ah79anj,What are some passion projects related to gaming I can start?,"That's awesome! Gaming is a fantastic area to explore for a passion project. There are tons of possibilities, depending on what specifically excites you about gaming.  Let's break it down: 

**1. What's Your Passion Within Gaming?**

* **Game Design:** Do you dream of creating your own games?  
* **Game Development:** Are you interested in the technical side of building games? 
* **Esports:** Do you love competitive gaming and want to explore the world of esports? 
* **Game Reviews/Streaming:** Are you passionate about sharing your gaming experiences with others? 
* **Game Art:** Do you enjoy creating art assets for games, like character design or environments? 
* **Storytelling/Writing:** Do you want to craft compelling narratives for games?

**2.  Brainstorming Project Ideas:**

Here are some project ideas based on different gaming passions:

**Game Design:**

* **Board Game Design:** Create a unique board game with a theme you love, even using recycled materials for cost-effectiveness.
* **Card Game Design:** Design a set of cards with interesting mechanics and a unique concept. 
* **Mobile Game Design:** Use free game development tools like GDevelop or Scratch to create a simple mobile game. 

**Game Development:**

* **Modding:** Enhance an existing game by creating mods for it. This is a great way to learn programming and gain experience.
* **Simple Game Development:** Build a small game using free game engines like Unity or Godot. There are tons of tutorials available online to guide you.
* **Game Jam Participation:** Join a game jam where you'll work with others to create a game in a short timeframe.

**Esports:**

* **Esports Team Management:** Organize a virtual esports team for your friends or school. You can even host tournaments.
* **Esports Commentary:**  Practice your commentary skills by streaming your gameplay and providing insightful analysis.
* **Esports Content Creation:** Create video content (like highlights, tips, or interviews) related to your favorite esports games.

**Game Reviews/Streaming:**

* **Gameplay Walkthroughs:**  Record and share your playthroughs of games, offering tips and insights.
* **Game Reviews:** Write or record reviews of different games, focusing on specific aspects like gameplay, story, or graphics.
* **Streaming:**  Set up a streaming channel on Twitch or YouTube, sharing your gameplay and interacting with viewers. 

**Game Art:**

* **Character Design:** Create unique characters for games or comics.
* **Environment Design:** Design 2D or 3D environments for a game concept.
* **Concept Art:**  Develop visual ideas for games, like landscapes or weapons.

**Storytelling/Writing:**

* **Game Script Writing:** Write a script for a short game or a specific game scene.
* **Fan Fiction:** Write stories based on your favorite game characters or worlds.
* **Game Walkthrough Guides:** Write guides that help other players with specific challenges or strategies.

**3. Finding Resources and Support:**

* **Online Communities:**  Connect with other gamers and game developers on forums, Discord servers, and Reddit communities.
* **Free Online Courses:**  Platforms like Coursera, edX, and Udemy offer free courses on game design, development, and other related topics.
* **Local Game Developer Groups:**  Search for local groups or meetups where you can connect with other game enthusiasts and receive support. 

**4.  Taking Action:**

* **Start Small:** Don't feel pressured to create a massive game right away. Begin with small projects and build up your skills over time.
* **Set Realistic Goals:**  Break down your project into smaller, achievable steps.
* **Don't Be Afraid to Ask for Help:**  Reach out to mentors, online communities, or fellow students for guidance and support. 

Remember, passion projects are about exploring your interests and having fun!  Pick something you're truly excited about and you'll be more motivated to see it through. Don't be afraid to experiment, learn from your mistakes, and enjoy the journey! 
",2024-08-02T20:41:10.385Z
session-r1qtu2jgq,Help me come up with some passion project ideas.,"That's awesome! I'm excited to help you brainstorm some passion project ideas. To give you the best suggestions, tell me a little about yourself:

* **What are you passionate about?** (e.g., writing, art, music, science, social justice, cooking, video games)
* **What are your skills and interests?** (e.g., drawing, coding, photography, public speaking, research)
* **What are your goals for a passion project?** (e.g., learn new skills, build a portfolio, make a difference in your community)
* **What are some things you enjoy doing in your free time?** (e.g., watching documentaries, reading, playing board games)

Once I know more about you, I can suggest some specific passion project ideas that align with your interests and goals. ðŸ˜Š 
",2024-08-02T20:44:50.756Z
session-4my6at129,Please give me 5 ideas for a passion project,"It's great that you're thinking about passion projects!  Let's brainstorm some ideas, keeping in mind your interests and resources. To give you the best suggestions, I need a little more information.  Could you tell me:

1. **What are you passionate about?** (e.g., writing, music, art, social justice, technology, etc.)
2. **What are your skills and strengths?** (e.g., good at public speaking, creative, organized, tech-savvy, etc.)
3. **What kind of project are you looking for?** (e.g., something creative, something that helps others, something that builds your skills, etc.) 

Once I have this information, I can suggest 5 passion project ideas specifically tailored to you!  
",2024-08-02T20:48:57.561Z
session-i4ql3189a,Help me come up with some passion project ideas.,"That's awesome! I'm excited to help you brainstorm some passion project ideas.  To get started, tell me a little bit about yourself:

* **What are you passionate about?** This could be a hobby, a cause you care about, a skill you'd like to develop, or a problem you want to solve.
* **What are your interests and hobbies?**  What do you enjoy doing in your free time? 
* **What are you good at?**  Do you have any unique talents or skills?
* **What are your goals?**  What do you hope to achieve with your passion project? 

Once I have a better understanding of you and your interests, I can help you come up with some personalized project ideas.  Let's make this project something you're truly excited about! ðŸ˜Š 
",2024-08-02T20:52:01.992Z
session-o2cjsj9ra,Please give me 5 ideas for a passion project,"It's awesome that you're thinking about passion projects!  I'd love to help you brainstorm.  To give you the best ideas, tell me a little about yourself!  

What are you passionate about?  What are some things you enjoy doing in your free time?  What are you good at?  

Once I know a bit more about you, I can suggest 5 awesome passion project ideas that are tailored just for you!  ðŸ˜Š 
",2024-08-02T20:52:25.687Z
session-pa2rsrrba,Help me come up with some passion project ideas.,"It's awesome that you're thinking about passion projects!  It's a great way to explore your interests, develop new skills, and make a difference. To give you the best ideas, I need to know a bit more about you. Tell me:

1. **What are you passionate about?**  Is it a hobby, a cause you care about, a specific skill you want to develop, or something else entirely?
2. **What are your strengths?** Are you a good writer, artist, organizer, or something else?
3. **What resources do you have?**  Do you have access to technology, materials, or a space to work?
4. **What are your goals for this project?** Do you want to learn something new, make a difference in your community, or gain experience for a future career?

Once I understand these things, I can suggest project ideas that are tailored to your specific interests and capabilities. 

For example, if you're passionate about environmental issues and have a knack for photography, I might suggest a project documenting the impact of pollution on your local community. 

Let's brainstorm together! Tell me more about yourself. ðŸ˜Š 
",2024-08-02T20:54:08.320Z
session-r7c0zh4sn,Please give me 5 ideas for a passion project,"Hey there! It's awesome that you're thinking about passion projects! Let's brainstorm some ideas together.  Here are 5 suggestions to get you started:

**1. Skill-Building Series:**  Do you have a skill you're passionate about, like coding, photography, baking, or writing?  Create a series of online tutorials or workshops teaching others how to do it! You could even offer free sessions for FGLI students, building community and sharing your knowledge.

**2. Community Storyteller:**  Your neighborhood has unique stories to tell! Interview local elders, business owners, or artists about their experiences.  You could create a blog, podcast, or documentary showcasing their stories and preserving local history.

**3.  DIY and Upcycling Project:**  Do you love creating things from scratch or giving old items new life?  Build a DIY furniture piece, upcycle clothing, or create unique crafts. You could host a workshop, sell your creations online, or donate them to a local charity.

**4.  Financial Literacy Workshop:**  Many FGLI students struggle with financial literacy.  Create a workshop or online resource teaching basic budgeting, saving, and investing skills.  Share practical tips and resources to empower others in their financial journey.

**5.  Local Environmental Initiative:**  Want to make a difference in your community?  Start a local clean-up project, plant a community garden, or advocate for environmental causes. You could partner with local organizations, organize events, and raise awareness about environmental issues.

**Next Steps:**

* **Choose an idea that excites you.** What are you passionate about? What skills do you have?  
* **Think about your resources.** Do you have access to technology, tools, or materials? Do you need to raise funds? 
* **Create a plan.** Break down your project into smaller steps. What do you need to do each week or month?
* **Connect with resources.** Seek guidance from teachers, mentors, or local organizations. There are many resources available for FGLI students. 

I'm here to help you every step of the way! Let's turn your passion project into a reality!",2024-08-02T21:34:27.321Z
session-z877uy2zg,Please give me 5 ideas for a passion project,"It's awesome that you're thinking about a passion project! It's a great way to explore your interests and build skills.  To give you the best ideas, I need to know a little about you.  Tell me:

**1. What are you passionate about?** 
  *  What are your hobbies? 
  *  What do you love to learn about?
  *  What problems in your community or the world do you care about?

**2. What are your strengths?**
  *  Are you good at writing, creating art, coding, organizing events, or something else? 
  *  What skills do you want to develop?

Once I know a little more about you, I can give you more personalized ideas.  

In the meantime, here are 5 general passion project ideas:

1. **Create a blog or vlog about your favorite topic:**  Share your knowledge and passion with the world. You can talk about anything you're interested in, from fashion to gaming to environmental issues.
2. **Start a community garden:**  Bring people together and improve the environment by starting a garden in your neighborhood.
3. **Organize a fundraiser for a cause you care about:**  Use your creativity and organizational skills to raise money for a good cause.
4. **Create a tutorial video or guide:**  Share your skills and knowledge with others by creating a helpful video or guide on a topic you're good at. 
5. **Write a short story or poem:**  Express your creativity and explore your thoughts and feelings through writing.

I'm excited to help you brainstorm more specific ideas! Tell me a bit more about yourself and your interests so I can give you personalized suggestions. ðŸ˜Š 
",2024-08-02T21:45:15.522Z
session-nkjosapz5,Please give me 5 ideas for a passion project,"Hey there! It's awesome you're looking to bring your passions to life. Let's brainstorm some project ideas together! Here are 5 ideas to get you started:

1. **Community Skill Share:** Do you have a skill you're really good at, like baking, drawing, or coding? Host a free workshop or class in your community for others to learn! This is a great way to give back while showcasing your talents.
2. **Local History Research:** Is there a local landmark, event, or figure that interests you? Dive into historical research, interview community members, and create a blog post, presentation, or video about your findings. This project helps preserve local history and engages your community.
3. **Social Media Advocacy:** Passionate about a cause like environmental protection or social justice? Create a social media campaign to raise awareness, educate others, and encourage action. You can use engaging visuals, stories, and calls to action to make a real impact.
4. **DIY Creative Project:** Have you always wanted to learn a new craft, like pottery, photography, or writing? Dedicate time to learning and creating a portfolio of your work. You can even sell or showcase your creations online or at local events.
5. **Podcast or Video Series:** Are you passionate about a specific topic or want to share your experiences? Start a podcast or video series where you discuss your interests, interview others, and build an audience around your ideas.

Remember, these are just starting points! The best passion projects come from what you're truly excited about. What are you curious about? What are you good at? What problems in your community or world do you want to solve? 

Let's explore your ideas further! Tell me more about what you're passionate about and we can brainstorm some more tailored project ideas together. ðŸ˜Š 
",2024-08-02T21:48:02.103Z
session-akd459lob,Please give me 5 ideas for a passion project,"It's awesome that you're looking to pursue a passion project! Here are 5 ideas, but remember, the best project is one that you're genuinely excited about:

1. **""Local Spotlight"" Podcast:**  Interview people in your community who are doing inspiring things, like artists, entrepreneurs, or community leaders. Share their stories and the impact they're making. This project can be done on a small budget and is a great way to learn about your community and develop interviewing skills.

2. **Community Art Project:**  Gather a group of friends and create a mural, a community garden, or host a public art event to beautify your neighborhood or raise awareness for a cause you care about. This project allows you to collaborate, be creative, and give back to your community. 

3. **Financial Literacy Workshop:**  Do you know how to manage your finances? Teach others! Develop a workshop that helps your peers or community members understand budgeting, saving, or investing. This project can have a huge impact on people's lives and you'll gain valuable knowledge and leadership skills.

4. **Upcycled Fashion Collection:**  Give old clothes a new life! Design and create unique clothing pieces using recycled materials. You can sell your creations online or at local markets and use the profits to fund future projects or donate to a cause you believe in.

5. **Volunteer-Based Skill-Sharing Initiative:**  Do you have a skill you're passionate about, like photography, coding, or baking? Offer free workshops or tutoring sessions to those in need. This project allows you to share your knowledge and help others develop new skills, all while gaining experience and building your resume.

Remember, these are just starting points.  Let your passion guide you and don't be afraid to get creative and think outside the box!  

**Next steps?**

* **Pick your favorite idea:** Which one excites you the most?
* **Set a realistic goal:** What do you want to achieve with your project?
* **Create a timeline:** Break your project into smaller steps and set deadlines.
* **Identify resources:** What do you need to make your project happen? (materials, funding, tools, support).

Let's brainstorm how to achieve your passion project together!  What do you think is the most exciting idea?  We can work through your plan and I can help you find resources to make it happen! 
",2024-08-02T21:49:37.251Z
session-akd459lob,I like #5,"That's fantastic!  Volunteering and sharing your skills is a super rewarding and impactful project.  

Let's dive into your ""Volunteer-Based Skill-Sharing Initiative.""  To make this a successful project, we need to flesh out the details: 

**1. What skill are you passionate about?**

   * Be specific! Is it photography, coding, baking, drawing, public speaking, writing, or something else?

**2. Who is your target audience?**

   * Who do you want to teach? (e.g., elementary school kids, adults in your community, fellow students)

**3. What is your project goal?**

   * Do you want to:
      * Teach a specific skill (e.g., basic coding, photography techniques)?
      * Offer support for a specific need (e.g., help students with college essays, tutor younger students in math)?
      * Promote a cause (e.g., teach art to children in a local shelter)?

**4. How will you deliver your workshops or tutoring sessions?**

   * Online (Zoom, Google Meet) or in person?
   * Will it be individual tutoring or group workshops?
   * How long will each session be?

**5. What resources do you need?**

   * Location (if in person)
   * Materials (e.g., art supplies, coding software, laptops)
   * Marketing and promotion (flyers, social media)
   * Volunteers (if needed)

Once we have a clearer picture of your vision, we can brainstorm how to make it happen!  Think about the resources you already have (e.g., your personal skills, access to a computer) and what you might need to acquire (e.g., funding, a meeting space). I'm here to help you find solutions and make this project a success! ðŸ˜Š 
",2024-08-02T22:13:14.019Z
session-2ugc7w6n0,Please give me 5 ideas for a passion project,"It's awesome you're looking to dive into a passion project! It's a fantastic way to explore your interests, learn new skills, and build your portfolio. To help me give you the best ideas, tell me a bit about yourself: 

1. **What are you passionate about?**  Do you love coding, writing, art, music, cooking, or something else entirely?
2. **What are your skills and strengths?** Are you good at research, organization, communication, or something else?
3. **What are your goals for this project?** Do you want to learn a new skill, gain experience, or make a difference in your community?

Once you give me this information, I can give you 5 personalized passion project ideas that you'll love! ðŸ˜Š 
",2024-08-02T22:21:37.914Z
session-z877uy2zg,What is your favorite music?,"That's a great question!  It's interesting to see what kind of music people like.  My favorite music is actually the kind that helps people learn and grow.  So, I'm always happy to hear music that inspires, motivates, and helps people learn new things.  

Now, tell me more about your interests so we can brainstorm some amazing passion project ideas!  What are you passionate about? What do you love to learn about?  What problems do you care about?  And what skills do you want to develop?  ðŸ˜Š 
",2024-08-02T22:26:54.320Z
session-rydkywvyg,Please give me 5 ideas for a passion project,"Hey there! I'm excited to help you brainstorm some passion project ideas. It's awesome you're looking to pursue something you're passionate about. To give you the best ideas, tell me a little about yourself! 

What are you interested in? What are some things you enjoy doing in your free time? What are your skills and talents?  

Once I know a little more about you, I can give you 5 personalized ideas that will really spark your interest! 
",2024-08-02T22:33:41.286Z
session-w21v5e6ab,Please give me 5 ideas for a passion project,"Hey there! I'm excited to help you brainstorm some passion project ideas.  Let's start by figuring out what you're passionate about.  Tell me, what are some things that truly interest you?  What do you spend hours thinking about, researching, or creating?  What makes you feel happy and energized?  Once you give me a little insight into your interests, I can tailor some project ideas specifically for you!  ðŸ˜Š 
",2024-08-03T01:31:23.510Z
session-2ugc7w6n0,I am passionate about coding and web development.,"That's fantastic! Coding and web development are exciting fields with endless possibilities.  

Now, to give you some truly personalized ideas, I need a little more information:

1. **What are your skills and strengths in coding and web development?** Are you a beginner or do you have some experience?  Do you prefer front-end (visual design) or back-end (logic and databases)? 
2. **What are your goals for this project?** Do you want to create a personal website, build a useful tool for your community, or learn a specific programming language?

Once you tell me a bit more about your skills and goals, I can give you 5 awesome passion project ideas tailored just for you! ðŸ˜Š 
",2024-08-03T02:11:11.103Z
session-2ugc7w6n0,"Skills? Well I am very skillful at web design like choosing colors, using HTML, and Bootstrap. Stuff like that.","That's great to hear! You've got a solid foundation in web design, which will be super helpful for your passion project.  

Now, let's talk about your goals.  What do you want to achieve with this project? Here are a few options to spark your thinking:

* **Learn a new skill:** Do you want to master JavaScript, Python, or another programming language? 
* **Create something for your community:**  Is there a problem you'd like to solve with a website or app? Maybe a resource for local events, a platform to connect local artists, or a tool to improve accessibility?
* **Build a portfolio piece:**  Want to showcase your web design skills to potential employers? A personal website or a project that demonstrates your ability to create engaging, user-friendly interfaces would be perfect.

Tell me, which of these goals resonates with you the most, or do you have something else in mind?  Once we know your goal, we can brainstorm those 5 amazing passion project ideas! ðŸ˜Š 
",2024-08-03T02:11:45.362Z
session-ejk5qvzhk,What is your favorite music?,"That's a great question! While I don't have personal preferences like favorite music, I understand how music can be inspiring and motivating. 

To help you with your passion project, tell me about the kind of music you enjoy.  What genres get you pumped up and creative? 

Maybe we can find some music that will help you brainstorm, plan, and execute your project! ðŸ˜Š 
",2024-08-03T02:19:39.432Z
session-u4sqos2su,Help me come up with some passion project ideas.,"That's awesome! I'm here to help you brainstorm some amazing passion project ideas.  To give you the best suggestions, tell me a little about yourself:

* **What are you passionate about?** It could be a hobby, a subject you love learning about, a cause you care deeply about, or a skill you want to develop. 
* **What are your strengths?** What do you excel at? What are you naturally good at or enjoy doing?
* **What are your goals for this project?** Do you want to learn something new, make a difference in your community, or create something beautiful?
* **What resources do you have access to?**  Do you have a lot of time, money, or materials?

Once I have a better understanding of your interests and capabilities, I can suggest some awesome project ideas tailored just for you!  ðŸš€ 
",2024-08-03T02:20:17.308Z
session-r998djtzl,Help me come up with some passion project ideas.,"That's awesome! I'm here to help you brainstorm some passion project ideas. To give you the best suggestions, tell me a little about yourself and your interests. 

For example, you could tell me:

* **What are you passionate about?** (e.g., art, music, technology, social justice, writing, environmentalism)
* **What are some skills you have?** (e.g., drawing, coding, public speaking, research, baking, photography)
* **What are some issues you care about?** (e.g., homelessness, climate change, access to education, inequality)
* **What are some things you've always wanted to learn or try?** (e.g., playing a new instrument, starting a podcast, writing a novel, creating a website)

Once I have a better sense of what you're interested in, I can help you come up with some personalized project ideas that are both exciting and achievable! âœ¨ 
",2024-08-03T02:22:07.301Z
session-23o4b8au2,Help me come up with some passion project ideas.,"That's awesome! I'm excited to help you brainstorm some passion project ideas. To give you the best suggestions, tell me a little about yourself:

* **What are you passionate about?**  Think about things you love to learn, talk about, or do in your free time.
* **What are you good at?**  What skills or talents do you have that you could use in a project?
* **What are you curious about?**  Is there anything you'd love to learn more about?
* **What are your goals?**  Do you want to learn something new, make a difference in your community, or gain experience for a future career?

Once I know a bit more about you, I can suggest some personalized and exciting passion project ideas. ðŸ˜„ 
",2024-08-03T02:34:19.236Z
session-hp01x039y,Please give me 5 ideas for a passion project,"Hey there! It's awesome you're thinking about a passion project. That's a fantastic way to explore your interests and gain valuable skills. 

Here are 5 ideas to get you started: 

1. **Sharing your story:**  Do you have a unique experience, cultural background, or personal struggle that you'd like to share? You could write a blog, create a podcast episode, design a website, or even make a short film.  
2. **Creative expression:** Are you a musician, artist, or writer? Create an online portfolio, participate in local art shows, or even organize a performance for your community. 
3. **Community service:** Identify a cause you care about and volunteer your time. Organize a fundraiser, teach a skill you're good at, or start a petition to raise awareness. 
4. **Tech exploration:**  If you're interested in coding or design, build a website, create a mobile app, or design a game. There are many free resources available to learn these skills.
5. **Financial literacy:** Are you interested in managing your finances? Create a budget tracker, write a blog about personal finance, or teach others about financial literacy.

**Remember:** Your passion project doesn't have to be complicated or expensive. The most important thing is to choose something you're genuinely passionate about and that aligns with your skills and resources.

What are some of your interests? What do you enjoy doing in your free time?  Let's brainstorm together and find the perfect project for you! 
",2024-08-03T02:46:03.047Z
session-hp01x039y,Can you help me,"Absolutely! I'm here to help you brainstorm and plan your passion project. Tell me more about your interests and what you enjoy doing in your free time.  The more information you give me, the better I can help you find the perfect project that sparks your passion! 

For example, you could tell me:

* **What subjects do you enjoy in school?**
* **What hobbies do you have?**
* **What skills are you good at?**
* **What are you curious about learning more about?**
* **Are there any problems in your community that you'd like to address?** 

Let's work together to turn your passion into a reality! ðŸ˜Š 
",2024-08-03T03:27:07.284Z
